provinsi,kabkota,latlng,lat,lng,zoom
Aceh,Kabupaten Aceh Barat,"4.4513547,96.0209948,11z",4.4513547,96.0209948,11
Aceh,Kabupaten Aceh Barat Daya,"3.8354822,96.7024513,11z",3.8354822,96.7024513,11
Aceh,Kabupaten Aceh Besar,"5.4042128,95.2606207,11z",5.4042128,95.2606207,11
Aceh,Kabupaten Aceh Jaya,"4.8110668,95.3367145,10z",4.8110668,95.3367145,10
Aceh,Kabupaten Aceh Selatan,"3.0701233,97.095313,10z",3.0701233,97.095313,10
Aceh,Kabupaten Aceh Singkil,"2.3072284,97.3025974,10z",2.3072284,97.3025974,10
Aceh,Kabupaten Aceh Tamiang,"4.218477,97.8366472,11z",4.218477,97.8366472,11
Aceh,Kabupaten Aceh Tengah,"4.5624343,96.485232,10z",4.5624343,96.485232,10
Aceh,Kabupaten Aceh Tenggara,"3.3380147,97.4524953,11z",3.3380147,97.4524953,11
Aceh,Kabupaten Aceh Timur,"4.702724,97.3095986,10z",4.702724,97.3095986,10
Aceh,Kabupaten Aceh Utara,"4.9936249,96.9858828,11z",4.9936249,96.9858828,11
Aceh,Kabupaten Bener Meriah,"4.7747743,96.8275877,11z",4.7747743,96.8275877,11
Aceh,Kabupaten Bireuen,"5.083007,96.4596367,11z",5.083007,96.4596367,11
Aceh,Kabupaten Gayo Lues,"3.9809833,96.9938969,10z",3.9809833,96.9938969,10
Aceh,Kabupaten Nagan Raya,"4.1764411,96.176141,10z",4.1764411,96.176141,10
Aceh,Kabupaten Pidie,"5.1132844,95.7571467,10z",5.1132844,95.7571467,10
Aceh,Kabupaten Pidie Jaya,"5.1047772,96.1128149,12z",5.1047772,96.1128149,12
Aceh,Kabupaten Simeulue,"2.5384665,95.7094494,10z",2.5384665,95.7094494,10
Aceh,Kota Banda Aceh,"5.5611015,95.308103,14z",5.5611015,95.308103,14
Aceh,Kota Langsa,"4.5064178,97.9591347,13z",4.5064178,97.9591347,13
Aceh,Kota Lhokseumawe,"5.1718887,97.0664366,13z",5.1718887,97.0664366,13
Aceh,Kota Sabang,"5.9666912,95.1534602,12z",5.9666912,95.1534602,12
Aceh,Kota Subulussalam,"2.7572146,97.7768633,11z",2.7572146,97.7768633,11
Sumatera Utara,Kabupaten Asahan,"2.84683,99.2037054,10z",2.84683,99.2037054,10
Sumatera Utara,Kabupaten Batu Bara,"3.2304447,99.3151977,11z",3.2304447,99.3151977,11
Sumatera Utara,Kabupaten Dairi,"2.8353721,98.0907196,11z",2.8353721,98.0907196,11
Sumatera Utara,Kabupaten Deli Serdang,"3.479921,98.3774679,10z",3.479921,98.3774679,10
Sumatera Utara,Kabupaten Humbang Hasundutan,"2.2478326,98.4423237,11z",2.2478326,98.4423237,11
Sumatera Utara,Kabupaten Karo,"3.0998183,98.1068777,11z",3.0998183,98.1068777,11
Sumatera Utara,Kabupaten Labuhanbatu,"2.2698665,99.6835963,10z",2.2698665,99.6835963,10
Sumatera Utara,Kabupaten Labuhanbatu Selatan,"1.8337674,99.8956913,11z",1.8337674,99.8956913,11
Sumatera Utara,Kabupaten Labuhanbatu Utara,"2.4255859,99.4045948,10z",2.4255859,99.4045948,10
Sumatera Utara,Kabupaten Langkat,"3.760077,97.9021195,10z",3.760077,97.9021195,10
Sumatera Utara,Kabupaten Mandailing Natal,"0.7795921,99.0591458,10z",0.7795921,99.0591458,10
Sumatera Utara,Kabupaten Nias,"1.084305,97.5652972,11z",1.084305,97.5652972,11
Sumatera Utara,Kabupaten Nias Barat,"0.9823155,97.3750369,12z",0.9823155,97.3750369,12
Sumatera Utara,Kabupaten Nias Selatan,"0.1979917,97.9039809,10z",0.1979917,97.9039809,10
Sumatera Utara,Kabupaten Nias Utara,"1.310162,97.1246022,11z",1.310162,97.1246022,11
Sumatera Utara,Kabupaten Padang Lawas,"1.1565372,99.6366691,11z",1.1565372,99.6366691,11
Sumatera Utara,Kabupaten Padang Lawas Utara,"1.6363819,99.5159089,10z",1.6363819,99.5159089,10
Sumatera Utara,Kabupaten Pakpak Bharat,"2.530563,98.1037273,11z",2.530563,98.1037273,11
Sumatera Utara,Kabupaten Samosir,"2.5562129,98.5314072,11z",2.5562129,98.5314072,11
Sumatera Utara,Kabupaten Serdang Bedagai,"3.3459297,98.8670747,11z",3.3459297,98.8670747,11
Sumatera Utara,Kabupaten Simalungun,"2.9505638,98.719621,10z",2.9505638,98.719621,10
Sumatera Utara,Kabupaten Tapanuli Selatan,"1.5510428,98.8496783,10z",1.5510428,98.8496783,10
Sumatera Utara,Kabupaten Tapanuli Tengah,"1.8693035,98.2665258,10z",1.8693035,98.2665258,10
Sumatera Utara,Kabupaten Tapanuli Utara,"2.0150426,98.9046478,11z",2.0150426,98.9046478,11
Sumatera Utara,Kabupaten Toba,"2.3855726,99.0835717,11z",2.3855726,99.0835717,11
Sumatera Utara,Kota Binjai,"3.6223242,98.4806044,14z",3.6223242,98.4806044,14
Sumatera Utara,Kota Gunungsitoli,"1.2990104,97.5873056,14z",1.2990104,97.5873056,14
Sumatera Utara,Kota Medan,"3.6422827,98.5870934,12z",3.6422827,98.5870934,12
Sumatera Utara,Kota Padangsidimpuan,"1.3868997,99.2446562,13z",1.3868997,99.2446562,13
Sumatera Utara,Kota Pematangsiantar,"2.9537927,99.0222946,13z",2.9537927,99.0222946,13
Sumatera Utara,Kota Sibolga,"1.730822,98.7737607,15z",1.730822,98.7737607,15
Sumatera Utara,Kota Tanjungbalai,"2.9672573,99.7674083,14z",2.9672573,99.7674083,14
Sumatera Utara,Kota Tebing Tinggi,"3.3280668,99.133527,14z",3.3280668,99.133527,14
Sumatera Barat,Kabupaten Agam,"-0.2531815,99.9889297,11z",-0.2531815,99.9889297,11
Sumatera Barat,Kabupaten Dharmasraya,"-1.2506228,101.1896909,10z",-1.2506228,101.1896909,10
Sumatera Barat,Kabupaten Kepulauan Mentawai,"-2.4115083,98.9137045,8z",-2.4115083,98.9137045,8
Sumatera Barat,Kabupaten Lima Puluh Kota,"0.0290699,100.3911217,11z",0.0290699,100.3911217,11
Sumatera Barat,Kabupaten Padang Pariaman,"-0.5660192,100.0451277,11z",-0.5660192,100.0451277,11
Sumatera Barat,Kabupaten Pasaman,"0.3998819,99.7178198,10z",0.3998819,99.7178198,10
Sumatera Barat,Kabupaten Pasaman Barat,"0.1879583,99.2781078,10z",0.1879583,99.2781078,10
Sumatera Barat,Kabupaten Pesisir Selatan,"-1.7177366,100.4608619,10z",-1.7177366,100.4608619,10
Sumatera Barat,Kabupaten Sijunjung,"-0.6487333,100.9781117,11z",-0.6487333,100.9781117,11
Sumatera Barat,Kabupaten Solok,"-0.9275302,100.6730782,11z",-0.9275302,100.6730782,11
Sumatera Barat,Kabupaten Solok Selatan,"-1.3644653,101.1087768,11z",-1.3644653,101.1087768,11
Sumatera Barat,Kabupaten Tanah Datar,"-0.4698166,100.4179877,11z",-0.4698166,100.4179877,11
Sumatera Barat,Kota Bukittinggi,"-0.3027606,100.3616803,15z",-0.3027606,100.3616803,15
Sumatera Barat,Kota Padang,"-0.9345826,100.3088697,12z",-0.9345826,100.3088697,12
Sumatera Barat,Kota Padang Panjang,"-0.4653922,100.3848854,15z",-0.4653922,100.3848854,15
Sumatera Barat,Kota Pariaman,"-0.6097221,100.0866131,13z",-0.6097221,100.0866131,13
Sumatera Barat,Kota Payakumbuh,"-0.2294954,100.6121534,14z",-0.2294954,100.6121534,14
Sumatera Barat,Kota Sawahlunto,"-0.5935983,100.7268294,15z",-0.5935983,100.7268294,15
Sumatera Barat,Kota Solok,"-0.7899398,100.6430187,15z",-0.7899398,100.6430187,15
Riau,Kabupaten Bengkalis,"1.5252013,101.3909598,10z",1.5252013,101.3909598,10
Riau,Kabupaten Indragiri Hilir,"-0.2932691,102.8545189,10z",-0.2932691,102.8545189,10
Riau,Kabupaten Indragiri Hulu,"-0.4925508,101.9188323,10z",-0.4925508,101.9188323,10
Riau,Kabupaten Kampar,"0.3203357,100.7317294,10z",0.3203357,100.7317294,10
Riau,Kabupaten Kepulauan Meranti,"1.0561936,102.3920128,10z",1.0561936,102.3920128,10
Riau,Kabupaten Kuantan Singingi,"-0.4938093,101.1469473,10z",-0.4938093,101.1469473,10
Riau,Kabupaten Pelalawan,"0.1625063,101.7762847,9z",0.1625063,101.7762847,9
Riau,Kabupaten Rokan Hilir,"2.0707514,100.1459914,9z",2.0707514,100.1459914,9
Riau,Kabupaten Rokan Hulu,"0.8932452,100.1609123,10z",0.8932452,100.1609123,10
Riau,Kabupaten Siak,"0.8279782,101.2454803,9z",0.8279782,101.2454803,9
Riau,Kota Dumai,"1.6675754,101.3702596,13z",1.6675754,101.3702596,13
Riau,Kota Pekanbaru,"0.5137911,101.3999766,13z",0.5137911,101.3999766,13
Jambi,Kabupaten Batanghari,"-1.8530904,102.6587449,10z",-1.8530904,102.6587449,10
Jambi,Kabupaten Bungo,"-1.5157269,101.6487048,10z",-1.5157269,101.6487048,10
Jambi,Kabupaten Kerinci,"-2.0612249,101.3181481,11z",-2.0612249,101.3181481,11
Jambi,Kabupaten Merangin,"-2.2070236,101.7565409,10z",-2.2070236,101.7565409,10
Jambi,Kabupaten Muaro Jambi,"-1.7049143,103.4529698,10z",-1.7049143,103.4529698,10
Jambi,Kabupaten Sarolangun,"-2.332267,102.313005,10z",-2.332267,102.313005,10
Jambi,Kabupaten Tanjung Jabung Barat,"-1.0939444,102.7805024,10z",-1.0939444,102.7805024,10
Jambi,Kabupaten Tanjung Jabung Timur,"-1.2576502,103.572216,10z",-1.2576502,103.572216,10
Jambi,Kabupaten Tebo,"-1.3952144,101.9935754,10z",-1.3952144,101.9935754,10
Jambi,Kota Jambi,"-1.6104358,103.5683291,13z",-1.6104358,103.5683291,13
Jambi,Kota Sungai Penuh,"-2.0670524,101.3909698,14z",-2.0670524,101.3909698,14
Sumatera Selatan,Kabupaten Banyuasin,"-2.3986508,104.4870354,10z",-2.3986508,104.4870354,10
Sumatera Selatan,Kabupaten Empat Lawang,"-3.7170297,102.7418422,11z",-3.7170297,102.7418422,11
Sumatera Selatan,Kabupaten Lahat,"-3.8769506,103.0139465,10z",-3.8769506,103.0139465,10
Sumatera Selatan,Kabupaten Muara Enim,"-3.6969715,103.6681249,10z",-3.6969715,103.6681249,10
Sumatera Selatan,Kabupaten Musi Banyuasin,"-2.4957901,103.5007969,10z",-2.4957901,103.5007969,10
Sumatera Selatan,Kabupaten Musi Rawas,"-3.1751446,102.738265,10z",-3.1751446,102.738265,10
Sumatera Selatan,Kabupaten Musi Rawas Utara,"-2.7061572,102.3873644,10z",-2.7061572,102.3873644,10
Sumatera Selatan,Kabupaten Ogan Ilir,"-3.4196469,104.3952438,11z",-3.4196469,104.3952438,11
Sumatera Selatan,Kabupaten Ogan Komering Ilir,"-3.3275546,104.7555847,9z",-3.3275546,104.7555847,9
Sumatera Selatan,Kabupaten Ogan Komering Ulu,"-4.1104457,103.7576319,10z",-4.1104457,103.7576319,10
Sumatera Selatan,Kabupaten Ogan Komering Ulu Selatan,"-4.5676257,103.554991,10z",-4.5676257,103.554991,10
Sumatera Selatan,Kabupaten Ogan Komering Ulu Timur,"-4.1062678,104.2118029,10z",-4.1062678,104.2118029,10
Sumatera Selatan,Kabupaten Penukal Abab Lematang Ilir,"-3.2083888,103.7628702,11z",-3.2083888,103.7628702,11
Sumatera Selatan,Kota Lubuk Linggau,"-3.2996418,102.8367775,13z",-3.2996418,102.8367775,13
Sumatera Selatan,Kota Pagaralam,"-4.0435642,103.1782012,13z",-4.0435642,103.1782012,13
Sumatera Selatan,Kota Palembang,"-2.9549678,104.7217652,13z",-2.9549678,104.7217652,13
Sumatera Selatan,Kota Prabumulih,"-3.4164712,104.2246671,14z",-3.4164712,104.2246671,14
Bengkulu,Kabupaten Bengkulu Selatan,"-4.358923,102.8796322,11z",-4.358923,102.8796322,11
Bengkulu,Kabupaten Bengkulu Tengah,"-3.6777932,102.3275103,12z",-3.6777932,102.3275103,12
Bengkulu,Kabupaten Bengkulu Utara,"-4.1152754,101.3390649,9z",-4.1152754,101.3390649,9
Bengkulu,Kabupaten Kaur,"-4.1469251,102.6738549,10z",-4.1469251,102.6738549,10
Bengkulu,Kabupaten Kepahiang,"-3.6475317,102.5453739,12z",-3.6475317,102.5453739,12
Bengkulu,Kabupaten Lebong,"-3.0525658,102.0489677,11z",-3.0525658,102.0489677,11
Bengkulu,Kabupaten Mukomuko,"-2.7307999,101.1146869,10z",-2.7307999,101.1146869,10
Bengkulu,Kabupaten Rejang Lebong,"-3.4381468,102.5182952,11z",-3.4381468,102.5182952,11
Bengkulu,Kabupaten Seluma,"-4.0803056,102.4715202,11z",-4.0803056,102.4715202,11
Bengkulu,Kota Bengkulu,"-3.8253449,102.2633794,13z",-3.8253449,102.2633794,13
Lampung,Kabupaten Lampung Barat,"-5.3577973,103.7867391,10z",-5.3577973,103.7867391,10
Lampung,Kabupaten Lampung Selatan,"-5.6697677,105.1389652,10z",-5.6697677,105.1389652,10
Lampung,Kabupaten Lampung Tengah,"-4.8740513,104.852646,10z",-4.8740513,104.852646,10
Lampung,Kabupaten Lampung Timur,"-5.1204316,105.4141151,10z",-5.1204316,105.4141151,10
Lampung,Kabupaten Lampung Utara,"-4.8083692,104.6459783,11z",-4.8083692,104.6459783,11
Lampung,Kabupaten Mesuji,"-3.9740576,105.2389733,11z",-3.9740576,105.2389733,11
Lampung,Kabupaten Pesawaran,"-5.4821029,104.9737247,11z",-5.4821029,104.9737247,11
Lampung,Kabupaten Pesisir Barat,"-5.3337747,103.7471525,10z",-5.3337747,103.7471525,10
Lampung,Kabupaten Pringsewu,"-5.4439641,104.8375233,11z",-5.4439641,104.8375233,11
Lampung,Kabupaten Tanggamus,"-5.4762874,104.3750321,10z",-5.4762874,104.3750321,10
Lampung,Kabupaten Tulang Bawang,"-4.3978919,105.3726354,11z",-4.3978919,105.3726354,11
Lampung,Kabupaten Tulang Bawang Barat,"-4.4329072,104.9329958,11z",-4.4329072,104.9329958,11
Lampung,Kabupaten Way Kanan,"-4.5732787,104.5126237,11z",-4.5732787,104.5126237,11
Lampung,Kota Bandar Lampung,"-5.4286707,105.2295387,13z",-5.4286707,105.2295387,13
Lampung,Kota Metro,"-5.1210839,105.2864672,14z",-5.1210839,105.2864672,14
Kepulauan Bangka Belitung,Kabupaten Bangka,"-1.9338395,105.6122162,10z",-1.9338395,105.6122162,10
Kepulauan Bangka Belitung,Kabupaten Bangka Barat,"-1.8402973,105.2823237,11z",-1.8402973,105.2823237,11
Kepulauan Bangka Belitung,Kabupaten Bangka Selatan,"-2.8070982,106.1793644,10z",-2.8070982,106.1793644,10
Kepulauan Bangka Belitung,Kabupaten Bangka Tengah,"-2.4327913,105.9690968,10z",-2.4327913,105.9690968,10
Kepulauan Bangka Belitung,Kabupaten Belitung,"-2.9294771,107.221903,10z",-2.9294771,107.221903,10
Kepulauan Bangka Belitung,Kabupaten Belitung Timur,"-2.9547167,107.969698,10z",-2.9547167,107.969698,10
Kepulauan Bangka Belitung,Kota Pangkalpinang,"-2.1159942,106.0793275,13z",-2.1159942,106.0793275,13
Kepulauan Riau,Kabupaten Bintan,"0.9067971,104.8823704,8z",0.9067971,104.8823704,8
Kepulauan Riau,Kabupaten Karimun,"0.8210866,103.4670612,11z",0.8210866,103.4670612,11
Kepulauan Riau,Kabupaten Kepulauan Anambas,"3.0974062,105.6188406,13z",3.0974062,105.6188406,13
Kepulauan Riau,Kabupaten Lingga,"-0.1771226,104.1800939,10z",-0.1771226,104.1800939,10
Kepulauan Riau,Kabupaten Natuna,"3.9999998,108.2397003,15z",3.9999998,108.2397003,15
Kepulauan Riau,Kota Batam,"0.8371625,103.8883093,11z",0.8371625,103.8883093,11
Kepulauan Riau,Kota Tanjungpinang,"0.9170619,104.4639978,14z",0.9170619,104.4639978,14
Daerah Khusus Jakarta,Kabupaten Administrasi Kepulauan Seribu,"-5.6121482,106.2873625,10z",-5.6121482,106.2873625,10
Daerah Khusus Jakarta,Kota Administrasi Jakarta Barat,"-6.160167,106.7160601,13z",-6.160167,106.7160601,13
Daerah Khusus Jakarta,Kota Administrasi Jakarta Pusat,"-6.1823126,106.8158651,14z",-6.1823126,106.8158651,14
Daerah Khusus Jakarta,Kota Administrasi Jakarta Selatan,"-6.2841049,106.7608801,13z",-6.2841049,106.7608801,13
Daerah Khusus Jakarta,Kota Administrasi Jakarta Timur,"-6.2611417,106.82262,12z",-6.2611417,106.82262,12
Daerah Khusus Jakarta,Kota Administrasi Jakarta Utara,"-6.1358797,106.7595004,12z",-6.1358797,106.7595004,12
Jawa Barat,Kabupaten Bandung,"-7.0634436,107.4263658,11z",-7.0634436,107.4263658,11
Jawa Barat,Kabupaten Bandung Barat,"-6.9052358,107.2894283,11z",-6.9052358,107.2894283,11
Jawa Barat,Kabupaten Bekasi,"-6.2676917,106.9421368,11z",-6.2676917,106.9421368,11
Jawa Barat,Kabupaten Bogor,"-6.5453367,106.6492928,11z",-6.5453367,106.6492928,11
Jawa Barat,Kabupaten Ciamis,"-7.31129,108.2826106,11z",-7.31129,108.2826106,11
Jawa Barat,Kabupaten Cianjur,"-7.0532635,106.8008098,10z",-7.0532635,106.8008098,10
Jawa Barat,Kabupaten Cirebon,"-6.7612722,108.4204984,11z",-6.7612722,108.4204984,11
Jawa Barat,Kabupaten Garut,"-7.3432952,107.6133478,11z",-7.3432952,107.6133478,11
Jawa Barat,Kabupaten Indramayu,"-6.4425272,108.0318705,11z",-6.4425272,108.0318705,11
Jawa Barat,Kabupaten Karawang,"-6.2647808,107.1989242,11z",-6.2647808,107.1989242,11
Jawa Barat,Kabupaten Kuningan,"-6.9878869,108.5066199,12z",-6.9878869,108.5066199,12
Jawa Barat,Kabupaten Majalengka,"-6.8071595,108.0602052,11z",-6.8071595,108.0602052,11
Jawa Barat,Kabupaten Pangandaran,"-7.6404273,108.3918869,11z",-7.6404273,108.3918869,11
Jawa Barat,Kabupaten Purwakarta,"-6.5923907,107.3275334,12z",-6.5923907,107.3275334,12
Jawa Barat,Kabupaten Subang,"-6.4981243,107.5609234,11z",-6.4981243,107.5609234,11
Jawa Barat,Kabupaten Sukabumi,"-6.8494052,106.9141057,13z",-6.8494052,106.9141057,13
Jawa Barat,Kabupaten Sumedang,"-6.8098647,107.8156954,11z",-6.8098647,107.8156954,11
Jawa Barat,Kabupaten Tasikmalaya,"-7.42764,108.0086529,11z",-7.42764,108.0086529,11
Jawa Barat,Kota Bandung,"-6.9034477,107.6019582,13z",-6.9034477,107.6019582,13
Jawa Barat,Kota Banjar,"-7.3724807,108.4950049,13z",-7.3724807,108.4950049,13
Jawa Barat,Kota Bekasi,"-6.2845331,106.8909768,12z",-6.2845331,106.8909768,12
Jawa Barat,Kota Bogor,"-6.5951918,106.7506926,13z",-6.5951918,106.7506926,13
Jawa Barat,Kota Cimahi,"-6.8862574,107.5308219,15z",-6.8862574,107.5308219,15
Jawa Barat,Kota Cirebon,"-6.7428622,108.5334394,14z",-6.7428622,108.5334394,14
Jawa Barat,Kota Depok,"-6.3878469,106.7765981,13z",-6.3878469,106.7765981,13
Jawa Barat,Kota Sukabumi,"-6.9370135,106.8967104,14z",-6.9370135,106.8967104,14
Jawa Barat,Kota Tasikmalaya,"-7.3599801,108.1915536,13z",-7.3599801,108.1915536,13
Jawa Tengah,Kabupaten Banjarnegara,"-7.3559269,109.4747668,11z",-7.3559269,109.4747668,11
Jawa Tengah,Kabupaten Banyumas,"-7.4549711,109.0037673,11z",-7.4549711,109.0037673,11
Jawa Tengah,Kabupaten Batang,"-7.0319943,109.7809844,12z",-7.0319943,109.7809844,12
Jawa Tengah,Kabupaten Blora,"-7.1105239,111.2034038,11z",-7.1105239,111.2034038,11
Jawa Tengah,Kabupaten Boyolali,"-7.3870613,110.4418333,11z",-7.3870613,110.4418333,11
Jawa Tengah,Kabupaten Brebes,"-7.045174,108.7694807,11z",-7.045174,108.7694807,11
Jawa Tengah,Kabupaten Cilacap,"-7.7065136,109.0118953,14z",-7.7065136,109.0118953,14
Jawa Tengah,Kabupaten Demak,"-6.9230206,110.4831478,11z",-6.9230206,110.4831478,11
Jawa Tengah,Kabupaten Grobogan,"-7.1286368,110.7293949,11z",-7.1286368,110.7293949,11
Jawa Tengah,Kabupaten Jepara,"-6.2609258,110.2401028,10z",-6.2609258,110.2401028,10
Jawa Tengah,Kabupaten Karanganyar,"-7.6195673,110.7866198,11z",-7.6195673,110.7866198,11
Jawa Tengah,Kabupaten Kebumen,"-7.6439098,109.4445193,11z",-7.6439098,109.4445193,11
Jawa Tengah,Kabupaten Kendal,"-7.0203777,109.9745948,11z",-7.0203777,109.9745948,11
Jawa Tengah,Kabupaten Klaten,"-7.6747932,110.5405123,12z",-7.6747932,110.5405123,12
Jawa Tengah,Kabupaten Kudus,"-6.797643,110.7855784,12z",-6.797643,110.7855784,12
Jawa Tengah,Kabupaten Magelang,"-7.5135583,110.1623699,12z",-7.5135583,110.1623699,12
Jawa Tengah,Kabupaten Pati,"-6.7040495,110.8722578,11z",-6.7040495,110.8722578,11
Jawa Tengah,Kabupaten Pekalongan,"-7.0418733,109.5586704,12z",-7.0418733,109.5586704,12
Jawa Tengah,Kabupaten Pemalang,"-7.0105133,109.2275858,11z",-7.0105133,109.2275858,11
Jawa Tengah,Kabupaten Purbalingga,"-7.3273326,109.3216944,12z",-7.3273326,109.3216944,12
Jawa Tengah,Kabupaten Purworejo,"-7.7080016,109.8875643,12z",-7.7080016,109.8875643,12
Jawa Tengah,Kabupaten Rembang,"-6.7698258,111.2975872,11z",-6.7698258,111.2975872,11
Jawa Tengah,Kabupaten Semarang,"-7.287785,110.3742089,12z",-7.287785,110.3742089,12
Jawa Tengah,Kabupaten Sragen,"-7.3922689,110.8797403,12z",-7.3922689,110.8797403,12
Jawa Tengah,Kabupaten Sukoharjo,"-7.6828397,110.7490339,12z",-7.6828397,110.7490339,12
Jawa Tengah,Kabupaten Tegal,"-7.0557966,108.9911108,11z",-7.0557966,108.9911108,11
Jawa Tengah,Kabupaten Temanggung,"-7.2398916,110.0491178,12z",-7.2398916,110.0491178,12
Jawa Tengah,Kabupaten Wonogiri,"-7.961877,110.8719318,11z",-7.961877,110.8719318,11
Jawa Tengah,Kabupaten Wonosobo,"-7.3997663,109.7408743,11z",-7.3997663,109.7408743,11
Jawa Tengah,Kota Magelang,"-7.4730534,110.1969249,14z",-7.4730534,110.1969249,14
Jawa Tengah,Kota Pekalongan,"-6.8959416,109.653904,14z",-6.8959416,109.653904,14
Jawa Tengah,Kota Salatiga,"-7.3262531,110.4764859,14z",-7.3262531,110.4764859,14
Jawa Tengah,Kota Semarang,"-7.024728,110.3758658,13z",-7.024728,110.3758658,13
Jawa Tengah,Kota Surakarta,"-7.5592085,110.798434,14z",-7.5592085,110.798434,14
Jawa Tengah,Kota Tegal,"-6.869765,109.0977416,14z",-6.869765,109.0977416,14
Daerah Istimewa Yogyakarta,Kabupaten Bantul,"-7.8981819,110.2803564,12z",-7.8981819,110.2803564,12
Daerah Istimewa Yogyakarta,Kabupaten Gunungkidul,"-7.9931524,110.4171287,11z",-7.9931524,110.4171287,11
Daerah Istimewa Yogyakarta,Kabupaten Kulon Progo,"-7.812486,110.0617389,12z",-7.812486,110.0617389,12
Daerah Istimewa Yogyakarta,Kabupaten Sleman,"-7.6897101,110.2988749,12z",-7.6897101,110.2988749,12
Daerah Istimewa Yogyakarta,Kota Yogyakarta,"-7.80325,110.3542454,14z",-7.80325,110.3542454,14
Jawa Timur,Kabupaten Bangkalan,"-7.0461981,112.7450893,11z",-7.0461981,112.7450893,11
Jawa Timur,Kabupaten Banyuwangi,"-8.3324775,113.8918729,10z",-8.3324775,113.8918729,10
Jawa Timur,Kabupaten Blitar,"-8.1315728,112.0524609,11z",-8.1315728,112.0524609,11
Jawa Timur,Kabupaten Bojonegoro,"-7.2278074,111.6298798,11z",-7.2278074,111.6298798,11
Jawa Timur,Kabupaten Bondowoso,"-7.9452526,113.7712214,11z",-7.9452526,113.7712214,11
Jawa Timur,Kabupaten Gresik,"-6.5608068,111.9121459,9z",-6.5608068,111.9121459,9
Jawa Timur,Kabupaten Jember,"-8.2655993,113.4886583,11z",-8.2655993,113.4886583,11
Jawa Timur,Kabupaten Jombang,"-7.561448,112.0944258,11z",-7.561448,112.0944258,11
Jawa Timur,Kabupaten Kediri,"-7.8015312,111.9448134,11z",-7.8015312,111.9448134,11
Jawa Timur,Kabupaten Lamongan,"-7.1230078,112.1476683,11z",-7.1230078,112.1476683,11
Jawa Timur,Kabupaten Lumajang,"-8.1240094,112.9746913,11z",-8.1240094,112.9746913,11
Jawa Timur,Kabupaten Madiun,"-7.6118107,111.5662773,12z",-7.6118107,111.5662773,12
Jawa Timur,Kabupaten Magetan,"-7.6533437,111.2649919,12z",-7.6533437,111.2649919,12
Jawa Timur,Kabupaten Malang,"-8.1125109,112.4579849,11z",-8.1125109,112.4579849,11
Jawa Timur,Kabupaten Mojokerto,"-7.5410892,112.3368543,11z",-7.5410892,112.3368543,11
Jawa Timur,Kabupaten Nganjuk,"-7.6151109,111.7824638,11z",-7.6151109,111.7824638,11
Jawa Timur,Kabupaten Ngawi,"-7.4324606,111.2300233,11z",-7.4324606,111.2300233,11
Jawa Timur,Kabupaten Pacitan,"-8.101874,110.9978453,11z",-8.101874,110.9978453,11
Jawa Timur,Kabupaten Pamekasan,"-7.0711113,113.4211358,12z",-7.0711113,113.4211358,12
Jawa Timur,Kabupaten Pasuruan,"-7.7505328,112.6725713,11z",-7.7505328,112.6725713,11
Jawa Timur,Kabupaten Ponorogo,"-2.4327913,105.9690968,10z",-2.4327913,105.9690968,10
Jawa Timur,Kabupaten Probolinggo,"-7.8519159,113.1208529,11z",-7.8519159,113.1208529,11
Jawa Timur,Kabupaten Sampang,"-7.1007069,113.0970572,11z",-7.1007069,113.0970572,11
Jawa Timur,Kabupaten Sidoarjo,"-7.4549008,112.5829353,12z",-7.4549008,112.5829353,12
Jawa Timur,Kabupaten Situbondo,"-7.7984671,113.6902693,10z",-7.7984671,113.6902693,10
Jawa Timur,Kabupaten Sumenep,"-6.1502558,114.2632627,9z",-6.1502558,114.2632627,9
Jawa Timur,Kabupaten Trenggalek,"-8.1361288,111.4541365,11z",-8.1361288,111.4541365,11
Jawa Timur,Kabupaten Tuban,"-6.8934517,112.0222674,14z",-6.8934517,112.0222674,14
Jawa Timur,Kabupaten Tulungagung,"-8.1486643,111.8764269,12z",-8.1486643,111.8764269,12
Jawa Timur,Kota Batu,"-7.8806982,112.5017045,14z",-7.8806982,112.5017045,14
Jawa Timur,Kota Blitar,"-8.0948248,112.1446564,14z",-8.0948248,112.1446564,14
Jawa Timur,Kota Kediri,"-7.8424201,111.9749882,13z",-7.8424201,111.9749882,13
Jawa Timur,Kota Madiun,"-7.6300614,111.5074519,14z",-7.6300614,111.5074519,14
Jawa Timur,Kota Malang,"-7.9786433,112.5905836,13z",-7.9786433,112.5905836,13
Jawa Timur,Kota Mojokerto,"-7.4714885,112.4186314,14z",-7.4714885,112.4186314,14
Jawa Timur,Kota Pasuruan,"-7.6514348,112.8844953,14z",-7.6514348,112.8844953,14
Jawa Timur,Kota Probolinggo,"-7.7723115,113.1808762,14z",-7.7723115,113.1808762,14
Jawa Timur,Kota Surabaya,"-7.2756176,112.6714844,13z",-7.2756176,112.6714844,13
Banten,Kabupaten Lebak,"-6.6433268,106.0297858,11z",-6.6433268,106.0297858,11
Banten,Kabupaten Pandeglang,"-6.6188379,105.3083112,10z",-6.6188379,105.3083112,10
Banten,Kabupaten Serang,"-6.1065829,105.9529903,11z",-6.1065829,105.9529903,11
Banten,Kabupaten Tangerang,"-6.1818782,106.4501874,12z",-6.1818782,106.4501874,12
Banten,Kota Cilegon,"-5.9782879,105.9636482,13z",-5.9782879,105.9636482,13
Banten,Kota Serang,"-6.1106532,106.1384204,14z",-6.1106532,106.1384204,14
Banten,Kota Tangerang,"-6.176686,106.6088346,13z",-6.176686,106.6088346,13
Banten,Kota Tangerang Selatan,"-6.2955014,106.6671131,13z",-6.2955014,106.6671131,13
Bali,Kabupaten Badung,"-8.5455506,115.0027379,11z",-8.5455506,115.0027379,11
Bali,Kabupaten Bangli,"-8.3339766,115.2625938,12z",-8.3339766,115.2625938,12
Bali,Kabupaten Buleleng,"-8.2223363,114.6150189,10z",-8.2223363,114.6150189,10
Bali,Kabupaten Gianyar,"-8.4819234,115.2158514,12z",-8.4819234,115.2158514,12
Bali,Kabupaten Jembrana,"-8.3131445,114.5180529,11z",-8.3131445,114.5180529,11
Bali,Kabupaten Karangasem,"-8.3585914,115.4683595,12z",-8.3585914,115.4683595,12
Bali,Kabupaten Klungkung,"-8.6374117,115.4095655,12z",-8.6374117,115.4095655,12
Bali,Kabupaten Tabanan,"-8.4392199,114.9836514,12z",-8.4392199,114.9836514,12
Bali,Kota Denpasar,"-8.6726811,115.1830739,13z",-8.6726811,115.1830739,13
Nusa Tenggara Barat,Kabupaten Bima,"-8.4832275,118.2210865,10z",-8.4832275,118.2210865,10
Nusa Tenggara Barat,Kabupaten Dompu,"-8.4936779,117.9518809,11z",-8.4936779,117.9518809,11
Nusa Tenggara Barat,Kabupaten Lombok Barat,"-8.6663253,115.9152034,11z",-8.6663253,115.9152034,11
Nusa Tenggara Barat,Kabupaten Lombok Tengah,"-8.6822631,116.1042639,11z",-8.6822631,116.1042639,11
Nusa Tenggara Barat,Kabupaten Lombok Timur,"-8.5915639,116.4011344,11z",-8.5915639,116.4011344,11
Nusa Tenggara Barat,Kabupaten Lombok Utara,"-8.345396,116.0962138,11z",-8.345396,116.0962138,11
Nusa Tenggara Barat,Kabupaten Sumbawa,"-8.6166065,117.2558415,10z",-8.6166065,117.2558415,10
Nusa Tenggara Barat,Kabupaten Sumbawa Barat,"-8.8001902,116.718409,11z",-8.8001902,116.718409,11
Nusa Tenggara Barat,Kota Bima,"-8.4628885,118.7241161,14z",-8.4628885,118.7241161,14
Nusa Tenggara Barat,Kota Mataram,"-8.5887454,116.09963,14z",-8.5887454,116.09963,14
Nusa Tenggara Timur,Kabupaten Alor,"-8.3332691,124.1455419,10z",-8.3332691,124.1455419,10
Nusa Tenggara Timur,Kabupaten Belu,"-9.1758281,124.8276798,11z",-9.1758281,124.8276798,11
Nusa Tenggara Timur,Kabupaten Ende,"-8.6734882,121.5454799,11z",-8.6734882,121.5454799,11
Nusa Tenggara Timur,Kabupaten Flores Timur,"-8.3502809,122.8292214,11z",-8.3502809,122.8292214,11
Nusa Tenggara Timur,Kabupaten Kupang,"-9.8123002,123.4190632,10z",-9.8123002,123.4190632,10
Nusa Tenggara Timur,Kabupaten Lembata,"-8.3780047,123.4001564,11z",-8.3780047,123.4001564,11
Nusa Tenggara Timur,Kabupaten Malaka,"-9.5465832,124.7008193,11z",-9.5465832,124.7008193,11
Nusa Tenggara Timur,Kabupaten Manggarai,"-8.5782901,120.2224879,11z",-8.5782901,120.2224879,11
Nusa Tenggara Timur,Kabupaten Manggarai Barat,"-8.5740242,119.5417199,10z",-8.5740242,119.5417199,10
Nusa Tenggara Timur,Kabupaten Manggarai Timur,"-8.574016,120.4514869,11z",-8.574016,120.4514869,11
Nusa Tenggara Timur,Kabupaten Nagekeo,"-8.6744437,121.1369964,11z",-8.6744437,121.1369964,11
Nusa Tenggara Timur,Kabupaten Ngada,"-8.6500518,120.8325143,11z",-8.6500518,120.8325143,11
Nusa Tenggara Timur,Kabupaten Rote Ndao,"-10.7192621,122.877459,11z",-10.7192621,122.877459,11
Nusa Tenggara Timur,Kabupaten Sabu Raijua,"-10.6240425,121.4739754,11z",-10.6240425,121.4739754,11
Nusa Tenggara Timur,Kabupaten Sikka,"-8.456324,121.8515544,10z",-8.456324,121.8515544,10
Nusa Tenggara Timur,Kabupaten Sumba Barat,"-9.5853101,119.1784924,11z",-9.5853101,119.1784924,11
Nusa Tenggara Timur,Kabupaten Sumba Barat Daya,"-9.5439702,119.0055184,11z",-9.5439702,119.0055184,11
Nusa Tenggara Timur,Kabupaten Sumba Tengah,"-9.5937635,119.5061708,11z",-9.5937635,119.5061708,11
Nusa Tenggara Timur,Kabupaten Sumba Timur,"-9.8051789,119.9304791,10z",-9.8051789,119.9304791,10
Nusa Tenggara Timur,Kabupaten Timor Tengah Selatan,"-9.8230326,124.2726318,11z",-9.8230326,124.2726318,11
Nusa Tenggara Timur,Kabupaten Timor Tengah Utara,"-9.3405151,124.3088769,11z",-9.3405151,124.3088769,11
Nusa Tenggara Timur,Kota Kupang,"-10.1749484,123.573519,13z",-10.1749484,123.573519,13
Kalimantan Barat,Kabupaten Bengkayang,"1.0338928,109.1573694,10z",1.0338928,109.1573694,10
Kalimantan Barat,Kabupaten Kapuas Hulu,"0.8345187,112.2063283,9z",0.8345187,112.2063283,9
Kalimantan Barat,Kabupaten Kayong Utara,"-1.247575,108.9159308,9z",-1.247575,108.9159308,9
Kalimantan Barat,Kabupaten Ketapang,"-1.6822637,109.9252934,9z",-1.6822637,109.9252934,9
Kalimantan Barat,Kabupaten Kubu Raya,"-0.3785142,109.1809334,10z",-0.3785142,109.1809334,10
Kalimantan Barat,Kabupaten Landak,"0.5108706,109.3750539,10z",0.5108706,109.3750539,10
Kalimantan Barat,Kabupaten Melawi,"-0.7297279,111.4575619,10z",-0.7297279,111.4575619,10
Kalimantan Barat,Kabupaten Mempawah,"0.3436999,108.3725694,10z",0.3436999,108.3725694,10
Kalimantan Barat,Kabupaten Sambas,"1.4877089,108.9994974,10z",1.4877089,108.9994974,10
Kalimantan Barat,Kabupaten Sanggau,"0.3510008,109.7849193,9z",0.3510008,109.7849193,9
Kalimantan Barat,Kabupaten Sekadau,"0.0537337,110.5955784,10z",0.0537337,110.5955784,10
Kalimantan Barat,Kabupaten Sintang,"0.1809465,111.4524818,9z",0.1809465,111.4524818,9
Kalimantan Barat,Kota Pontianak,"-0.0353948,109.2903511,13z",-0.0353948,109.2903511,13
Kalimantan Barat,Kota Singkawang,"0.8835102,108.8799955,12z",0.8835102,108.8799955,12
Kalimantan Tengah,Kabupaten Barito Selatan,"-1.9639955,114.6852804,10z",-1.9639955,114.6852804,10
Kalimantan Tengah,Kabupaten Barito Timur,"-2.0148192,115.0155542,11z",-2.0148192,115.0155542,11
Kalimantan Tengah,Kabupaten Barito Utara,"-0.724467,114.8224564,10z",-0.724467,114.8224564,10
Kalimantan Tengah,Kabupaten Gunung Mas,"-0.9869026,113.1834259,10z",-0.9869026,113.1834259,10
Kalimantan Tengah,Kabupaten Kapuas,"-1.9162957,113.5625079,9z",-1.9162957,113.5625079,9
Kalimantan Tengah,Kabupaten Katingan,"-1.9548321,112.2738024,9z",-1.9548321,112.2738024,9
Kalimantan Tengah,Kabupaten Kotawaringin Barat,"-2.556069,111.0182895,9z",-2.556069,111.0182895,9
Kalimantan Tengah,Kabupaten Kotawaringin Timur,"-2.2301615,112.0182704,9z",-2.2301615,112.0182704,9
Kalimantan Tengah,Kabupaten Lamandau,"-1.8072821,111.0094414,10z",-1.8072821,111.0094414,10
Kalimantan Tengah,Kabupaten Murung Raya,"-0.0366846,113.5122002,9z",-0.0366846,113.5122002,9
Kalimantan Tengah,Kabupaten Pulang Pisau,"-2.5041449,113.295543,9z",-2.5041449,113.295543,9
Kalimantan Tengah,Kabupaten Seruyan,"-2.1306395,111.4622159,9z",-2.1306395,111.4622159,9
Kalimantan Tengah,Kabupaten Sukamara,"-2.5609342,110.7372794,10z",-2.5609342,110.7372794,10
Kalimantan Tengah,Kota Palangkaraya,"-2.2097022,113.8810656,14z",-2.2097022,113.8810656,14
Kalimantan Selatan,Kabupaten Balangan,"-2.289306,115.4192707,11z",-2.289306,115.4192707,11
Kalimantan Selatan,Kabupaten Banjar,"-3.2765194,114.725278,10z",-3.2765194,114.725278,10
Kalimantan Selatan,Kabupaten Barito Kuala,"-3.0359138,114.2741114,10z",-3.0359138,114.2741114,10
Kalimantan Selatan,Kabupaten Hulu Sungai Selatan,"-2.7182302,115.0681152,11z",-2.7182302,115.0681152,11
Kalimantan Selatan,Kabupaten Hulu Sungai Tengah,"-2.6115832,115.3602978,11z",-2.6115832,115.3602978,11
Kalimantan Selatan,Kabupaten Hulu Sungai Utara,"-2.4250219,114.9674022,11z",-2.4250219,114.9674022,11
Kalimantan Selatan,Kabupaten Kotabaru,"-3.5283624,115.3704897,9z",-3.5283624,115.3704897,9
Kalimantan Selatan,Kabupaten Tabalong,"-1.8371726,115.1110204,10z",-1.8371726,115.1110204,10
Kalimantan Selatan,Kabupaten Tanah Bumbu,"-3.4456273,115.5027948,11z",-3.4456273,115.5027948,11
Kalimantan Selatan,Kabupaten Tanah Laut,"-3.8433626,114.6126024,10z",-3.8433626,114.6126024,10
Kalimantan Selatan,Kabupaten Tapin,"-2.8668806,114.9900972,11z",-2.8668806,114.9900972,11
Kalimantan Selatan,Kota Banjarbaru,"-3.4593209,114.7590252,13z",-3.4593209,114.7590252,13
Kalimantan Selatan,Kota Banjarmasin,"-3.3172212,114.5736131,14z",-3.3172212,114.5736131,14
Kalimantan Timur,Kabupaten Berau,"1.805087,116.9408284,9z",1.805087,116.9408284,9
Kalimantan Timur,Kabupaten Kutai Barat,"-0.4712353,115.5447583,10z",-0.4712353,115.5447583,10
Kalimantan Timur,Kabupaten Kutai Kartanegara	,"0.196609,115.9123243,9z",0.196609,115.9123243,9
Kalimantan Timur,Kabupaten Kutai Timur,"0.9305248,116.8393433,9z",0.9305248,116.8393433,9
Kalimantan Timur,Kabupaten Mahakam Ulu,"0.664585,114.1692103,9z",0.664585,114.1692103,9
Kalimantan Timur,Kabupaten Paser,"-1.6897451,115.7828668,10z",-1.6897451,115.7828668,10
Kalimantan Timur,Kabupaten Penajam Paser Utara,"-1.2001706,116.4804588,11z",-1.2001706,116.4804588,11
Kalimantan Timur,Kota Balikpapan,"-1.1746018,116.7593479,12z",-1.1746018,116.7593479,12
Kalimantan Timur,Kota Bontang,"0.1367565,117.4642793,13z",0.1367565,117.4642793,13
Kalimantan Timur,Kota Samarinda,"-0.5014663,117.1117327,14z",-0.5014663,117.1117327,14
Kalimantan Utara,Kabupaten Bulungan,"2.8445359,116.3284967,9z",2.8445359,116.3284967,9
Kalimantan Utara,Kabupaten Malinau,"2.5821322,115.0266024,9z",2.5821322,115.0266024,9
Kalimantan Utara,Kabupaten Nunukan,"3.9049737,116.0851178,9z",3.9049737,116.0851178,9
Kalimantan Utara,Kabupaten Tana Tidung,"3.5492509,116.9324034,10z",3.5492509,116.9324034,10
Kalimantan Utara,Kota Tarakan,"3.3551572,117.5365105,13z",3.3551572,117.5365105,13
Sulawesi Utara,Kabupaten Bolaang Mongondow,"0.7211065,123.8701391,11z",0.7211065,123.8701391,11
Sulawesi Utara,Kabupaten Bolaang Mongondow Selatan,"0.4544529,123.6496284,10z",0.4544529,123.6496284,10
Sulawesi Utara,Kabupaten Bolaang Mongondow Timur,"0.7115331,124.3522362,11z",0.7115331,124.3522362,11
Sulawesi Utara,Kabupaten Bolaang Mongondow Utara,"0.7605899,123.2609688,11z",0.7605899,123.2609688,11
Sulawesi Utara,Kabupaten Kepulauan Sangihe,"3.9029723,124.8675309,9z",3.9029723,124.8675309,9
Sulawesi Utara,Kabupaten Kepulauan Siau Tagulandang Biaro,"2.4406939,125.1646402,11z",2.4406939,125.1646402,11
Sulawesi Utara,Kabupaten Kepulauan Talaud,"4.6548684,126.3550917,9z",4.6548684,126.3550917,9
Sulawesi Utara,Kabupaten Minahasa,"1.2411664,124.6489442,11z",1.2411664,124.6489442,11
Sulawesi Utara,Kabupaten Minahasa Selatan,"1.0709716,124.3635237,11z",1.0709716,124.3635237,11
Sulawesi Utara,Kabupaten Minahasa Tenggara,"0.9825079,124.6679989,12z",0.9825079,124.6679989,12
Sulawesi Utara,Kabupaten Minahasa Utara,"1.578383,124.7936391,11z",1.578383,124.7936391,11
Sulawesi Utara,Kota Bitung,"1.4661215,125.0997298,12z",1.4661215,125.0997298,12
Sulawesi Utara,Kota Kotamobagu,"0.7350466,124.2963904,14z",0.7350466,124.2963904,14
Sulawesi Utara,Kota Manado,"1.540814,124.7020864,12z",1.540814,124.7020864,12
Sulawesi Utara,Kota Tomohon,"1.3305562,124.8157455,14z",1.3305562,124.8157455,14
Sulawesi Tengah,Kabupaten Banggai,"-1.1160724,122.3213729,10z",-1.1160724,122.3213729,10
Sulawesi Tengah,Kabupaten Banggai Kepulauan,"-1.3997732,122.9826983,11z",-1.3997732,122.9826983,11
Sulawesi Tengah,Kabupaten Banggai Laut,"-1.8485094,123.2623939,10z",-1.8485094,123.2623939,10
Sulawesi Tengah,Kabupaten Buol,"0.998369,121.2042469,10z",0.998369,121.2042469,10
Sulawesi Tengah,Kabupaten Donggala,"-0.3510503,119.1656923,9z",-0.3510503,119.1656923,9
Sulawesi Tengah,Kabupaten Morowali,"-2.8947066,121.6508157,9z",-2.8947066,121.6508157,9
Sulawesi Tengah,Kabupaten Morowali Utara,"-1.846686,121.1173089,10z",-1.846686,121.1173089,10
Sulawesi Tengah,Kabupaten Parigi Moutong,"-0.2402421,119.9663638,9z",-0.2402421,119.9663638,9
Sulawesi Tengah,Kabupaten Poso,"-1.6736963,120.2000954,10z",-1.6736963,120.2000954,10
Sulawesi Tengah,Kabupaten Sigi,"-1.4615663,119.6731218,10z",-1.4615663,119.6731218,10
Sulawesi Tengah,Kabupaten Tojo Una-Una,"-0.8732036,121.3128488,10z",-0.8732036,121.3128488,10
Sulawesi Tengah,Kabupaten Tolitoli,"0.9811343,120.3273139,10z",0.9811343,120.3273139,10
Sulawesi Tengah,Kota Palu,"-0.7895612,119.8168738,12z",-0.7895612,119.8168738,12
Sulawesi Selatan,Kabupaten Bantaeng,"-5.4715079,119.8953159,12z",-5.4715079,119.8953159,12
Sulawesi Selatan,Kabupaten Barru,"-4.4336977,119.5319018,11z",-4.4336977,119.5319018,11
Sulawesi Selatan,Kabupaten Bone,"-4.6799513,119.759385,10z",-4.6799513,119.759385,10
Sulawesi Selatan,Kabupaten Bulukumba,"-5.4841014,120.0524693,11z",-5.4841014,120.0524693,11
Sulawesi Selatan,Kabupaten Enrekang,"-3.5320784,119.7274693,11z",-3.5320784,119.7274693,11
Sulawesi Selatan,Kabupaten Gowa,"-5.330097,119.5330908,11z",-5.330097,119.5330908,11
Sulawesi Selatan,Kabupaten Jeneponto,"-5.5446782,119.5472152,11z",-5.5446782,119.5472152,11
Sulawesi Selatan,Kabupaten Kepulauan Selayar,"-6.626716,120.3955054,9z",-6.626716,120.3955054,9
Sulawesi Selatan,Kabupaten Luwu,"-3.1665862,119.8164134,10z",-3.1665862,119.8164134,10
Sulawesi Selatan,Kabupaten Luwu Timur,"-2.5320531,120.8013779,10z",-2.5320531,120.8013779,10
Sulawesi Selatan,Kabupaten Luwu Utara,"-2.4065317,119.8125083,10z",-2.4065317,119.8125083,10
Sulawesi Selatan,Kabupaten Maros,"-4.9651246,119.5548348,11z",-4.9651246,119.5548348,11
Sulawesi Selatan,Kabupaten Pangkajene dan Kepulauan,"-6.1237426,117.7650912,9z",-6.1237426,117.7650912,9
Sulawesi Selatan,Kabupaten Pinrang,"-3.6487744,119.4428783,11z",-3.6487744,119.4428783,11
Sulawesi Selatan,Kabupaten Sidenreng Rappang,"-3.8080778,119.8330861,11z",-3.8080778,119.8330861,11
Sulawesi Selatan,Kabupaten Sinjai,"-5.197242,120.0136128,11z",-5.197242,120.0136128,11
Sulawesi Selatan,Kabupaten Soppeng,"-4.3185707,119.7363808,11z",-4.3185707,119.7363808,11
Sulawesi Selatan,Kabupaten Takalar,"-5.4111737,119.2536538,11z",-5.4111737,119.2536538,11
Sulawesi Selatan,Kabupaten Tana Toraja,"-3.0568894,119.5423262,11z",-3.0568894,119.5423262,11
Sulawesi Selatan,Kabupaten Toraja Utara,"-2.8990695,119.7155397,11z",-2.8990695,119.7155397,11
Sulawesi Selatan,Kabupaten Wajo,"-3.9682196,119.9990072,11z",-3.9682196,119.9990072,11
Sulawesi Selatan,Kota Makassar,"-5.1114842,119.3202274,12z",-5.1114842,119.3202274,12
Sulawesi Selatan,Kota Palopo,"-3.014981,120.1793846,14z",-3.014981,120.1793846,14
Sulawesi Selatan,Kota Parepare,"-4.012751,119.6175481,14z",-4.012751,119.6175481,14
Sulawesi Tenggara,Kabupaten Bombana,"-4.9240612,121.4781469,10z",-4.9240612,121.4781469,10
Sulawesi Tenggara,Kabupaten Buton,"-5.6433068,122.2501015,10z",-5.6433068,122.2501015,10
Sulawesi Tenggara,Kabupaten Buton Selatan,"-5.6439902,122.2501011,10z",-5.6439902,122.2501011,10
Sulawesi Tenggara,Kabupaten Buton Tengah,"-5.3322882,122.1257889,11z",-5.3322882,122.1257889,11
Sulawesi Tenggara,Kabupaten Buton Utara,"-4.7571877,122.8559639,11z",-4.7571877,122.8559639,11
Sulawesi Tenggara,Kabupaten Kolaka,"-4.1014484,121.1254799,10z",-4.1014484,121.1254799,10
Sulawesi Tenggara,Kabupaten Kolaka Timur,"-3.8196773,121.2376443,10z",-3.8196773,121.2376443,10
Sulawesi Tenggara,Kabupaten Kolaka Utara,"-3.262373,120.8309731,10z",-3.262373,120.8309731,10
Sulawesi Tenggara,Kabupaten Konawe,"-3.5121671,121.7125297,10z",-3.5121671,121.7125297,10
Sulawesi Tenggara,Kabupaten Konawe Kepulauan,"-4.119177,123.0148944,12z",-4.119177,123.0148944,12
Sulawesi Tenggara,Kabupaten Konawe Selatan,"-4.2508376,122.2445629,11z",-4.2508376,122.2445629,11
Sulawesi Tenggara,Kabupaten Konawe Utara,"-3.4188625,121.9741907,10z",-3.4188625,121.9741907,10
Sulawesi Tenggara,Kabupaten Muna,"-4.8718368,122.3835884,11z",-4.8718368,122.3835884,11
Sulawesi Tenggara,Kabupaten Muna Barat,"-4.8314491,122.4565472,14z",-4.8314491,122.4565472,14
Sulawesi Tenggara,Kabupaten Wakatobi,"-5.66969,123.4643122,10z",-5.66969,123.4643122,10
Sulawesi Tenggara,Kota Baubau,"-5.5070672,122.5917511,16z",-5.5070672,122.5917511,16
Sulawesi Tenggara,Kota Kendari,"-3.984963,122.4958455,13z",-3.984963,122.4958455,13
Gorontalo,Kabupaten Boalemo,"0.6667741,122.2033327,11z",0.6667741,122.2033327,11
Gorontalo,Kabupaten Bone Bolango,"0.5565751,123.1296313,11z",0.5565751,123.1296313,11
Gorontalo,Kabupaten Gorontalo,"0.6992594,122.4978543,11z",0.6992594,122.4978543,11
Gorontalo,Kabupaten Gorontalo Utara,"0.8653873,122.4636537,11z",0.8653873,122.4636537,11
Gorontalo,Kabupaten Pohuwato,"0.6669281,121.4830862,11z",0.6669281,121.4830862,11
Gorontalo,Kota Gorontalo,"0.548965,123.0194211,14z",0.548965,123.0194211,14
Sulawesi Barat,Kabupaten Majene,"-3.2419709,118.7712174,11z",-3.2419709,118.7712174,11
Sulawesi Barat,Kabupaten Mamasa,"-2.9960553,119.1588648,11z",-2.9960553,119.1588648,11
Sulawesi Barat,Kabupaten Mamuju,"-2.551387,119.0864212,11z",-2.551387,119.0864212,11
Sulawesi Barat,Kabupaten Mamuju Tengah,"-2.0206125,119.3370328,11z",-2.0206125,119.3370328,11
Sulawesi Barat,Kabupaten Pasangkayu,"-1.3430052,119.2464515,10z",-1.3430052,119.2464515,10
Sulawesi Barat,Kabupaten Polewali Mandar,"-3.3022885,119.0313078,11z",-3.3022885,119.0313078,11
Maluku,Kabupaten Buru,"-3.3445044,126.5260888,11z",-3.3445044,126.5260888,11
Maluku,Kabupaten Buru Selatan,"-3.5697197,126.3581112,10z",-3.5697197,126.3581112,10
Maluku,Kabupaten Kepulauan Aru,"-6.2101328,133.8205971,9z",-6.2101328,133.8205971,9
Maluku,Kabupaten Kepulauan Tanimbar,"-7.4975482,130.7227171,9z",-7.4975482,130.7227171,9
Maluku,Kabupaten Maluku Barat Daya,"-6.8094593,127.2483081,9z",-6.8094593,127.2483081,9
Maluku,Kabupaten Maluku Tengah,"-3.6637601,128.3488079,9z",-3.6637601,128.3488079,9
Maluku,Kabupaten Maluku Tenggara,"-5.6553166,132.6449909,11z",-5.6553166,132.6449909,11
Maluku,Kabupaten Seram Bagian Barat,"-2.434455,127.5443093,9z",-2.434455,127.5443093,9
Maluku,Kabupaten Seram Bagian Timur,"-3.8751999,127.8346367,8z",-3.8751999,127.8346367,8
Maluku,Kota Ambon,"-3.6812404,128.0876088,12z",-3.6812404,128.0876088,12
Maluku,Kota Tual,"-5.4494693,132.1742612,11z",-5.4494693,132.1742612,11
Maluku Utara,Kabupaten Halmahera Barat,"1.3637675,127.2633543,10z",1.3637675,127.2633543,10
Maluku Utara,Kabupaten Halmahera Selatan,"-0.7442142,127.1536666,9z",-0.7442142,127.1536666,9
Maluku Utara,Kabupaten Halmahera Tengah,"0.2218091,128.3834099,10z",0.2218091,128.3834099,10
Maluku Utara,Kabupaten Halmahera Timur,"1.0035775,127.8950868,10z",1.0035775,127.8950868,10
Maluku Utara,Kabupaten Halmahera Utara,"1.5601662,127.5052653,10z",1.5601662,127.5052653,10
Maluku Utara,Kabupaten Kepulauan Sula,"-2.1142066,125.7426493,11z",-2.1142066,125.7426493,11
Maluku Utara,Kabupaten Pulau Morotai,"2.3041265,128.2447212,11z",2.3041265,128.2447212,11
Maluku Utara,Kabupaten Pulau Taliabu,"-1.8313243,124.6669518,11z",-1.8313243,124.6669518,11
Maluku Utara,Kota Ternate,"0.8105654,127.3008663,13z",0.8105654,127.3008663,13
Maluku Utara,Kota Tidore Kepulauan,"0.3903567,127.4320557,11z",0.3903567,127.4320557,11
Papua,Kabupaten Biak Numfor,"-1.0120881,135.4159425,10z",-1.0120881,135.4159425,10
Papua,Kabupaten Jayapura,"-3.0355301,139.7081056,10z",-3.0355301,139.7081056,10
Papua,Kabupaten Keerom,"-3.3260054,140.32337,10z",-3.3260054,140.32337,10
Papua,Kabupaten Kepulauan Yapen,"-1.7194296,135.7021376,10z",-1.7194296,135.7021376,10
Papua,Kabupaten Mamberamo Raya,"-2.4416855,137.3178673,9z",-2.4416855,137.3178673,9
Papua,Kabupaten Sarmi,"-2.5310657,138.4071809,9z",-2.5310657,138.4071809,9
Papua,Kabupaten Supiori,"-0.0135334,134.3902539,9z",-0.0135334,134.3902539,9
Papua,Kabupaten Waropen,"-2.7288019,136.3672491,10z",-2.7288019,136.3672491,10
Papua,Kota Jayapura,"-2.5650516,140.6398283,13z",-2.5650516,140.6398283,13
Papua Barat,Kabupaten Fakfak,"-3.1999795,132.3031586,10z",-3.1999795,132.3031586,10
Papua Barat,Kabupaten Kaimana,"-3.5839294,133.7002332,10z",-3.5839294,133.7002332,10
Papua Barat,Kabupaten Manokwari,"-0.8642815,134.0328991,13z",-0.8642815,134.0328991,13
Papua Barat,Kabupaten Manokwari Selatan,"-0.9980788,133.9199264,12z",-0.9980788,133.9199264,12
Papua Barat,Kabupaten Pegunungan Arfak,"-1.1882734,133.5560402,11z",-1.1882734,133.5560402,11
Papua Barat,Kabupaten Teluk Bintuni,"-2.0855247,132.6630396,9z",-2.0855247,132.6630396,9
Papua Barat,Kabupaten Teluk Wondama,"-2.6348115,133.8233234,9z",-2.6348115,133.8233234,9
Papua Selatan,Kabupaten Asmat,"-5.5806551,137.9379555,9z",-5.5806551,137.9379555,9
Papua Selatan,Kabupaten Boven Digoel,"-6.1518138,139.6628555,9z",-6.1518138,139.6628555,9
Papua Selatan,Kabupaten Mappi,"-6.245705,138.6572671,9z",-6.245705,138.6572671,9
Papua Selatan,Kabupaten Merauke,"-8.5282296,140.4598749,12z",-8.5282296,140.4598749,12
Papua Tengah,Kabupaten Deiyai,"-4.155534,136.3257589,12z",-4.155534,136.3257589,12
Papua Tengah,Kabupaten Dogiyai,"-3.9990385,135.4724843,11z",-3.9990385,135.4724843,11
Papua Tengah,Kabupaten Intan Jaya,"-3.4078672,136.4128952,10z",-3.4078672,136.4128952,10
Papua Tengah,Kabupaten Mimika,"-4.628273,135.6831231,9z",-4.628273,135.6831231,9
Papua Tengah,Kabupaten Nabire,"-3.2056703,135.1668342,10z",-3.2056703,135.1668342,10
Papua Tengah,Kabupaten Paniai,"-3.7574388,136.4175068,11z",-3.7574388,136.4175068,11
Papua Tengah,Kabupaten Puncak,"-3.5919553,137.0871392,10z",-3.5919553,137.0871392,10
Papua Tengah,Kabupaten Puncak Jaya,"-3.4890854,137.6800873,11z",-3.4890854,137.6800873,11
Papua Pegunungan,Kabupaten Jayawijaya,"-4.122218,138.8127593,11z",-4.122218,138.8127593,11
Papua Pegunungan,Kabupaten Lanny Jaya,"-3.9569142,138.0383948,11z",-3.9569142,138.0383948,11
Papua Pegunungan,Kabupaten Mamberamo Tengah,"-2.3592517,138.1274128,11z",-2.3592517,138.1274128,11
Papua Pegunungan,Kabupaten Nduga,"-4.4357944,138.0539938,11z",-4.4357944,138.0539938,11
Papua Pegunungan,Kabupaten Pegunungan Bintang,"-4.4940565,140.1488329,10z",-4.4940565,140.1488329,10
Papua Pegunungan,Kabupaten Tolikara,"-3.4884169,138.2386908,11z",-3.4884169,138.2386908,11
Papua Pegunungan,Kabupaten Yalimo,"-3.7847687,139.2710088,11z",-3.7847687,139.2710088,11
Papua Pegunungan,Kabupaten Yahukimo,"-4.3883495,139.2136938,10z",-4.3883495,139.2136938,10
Papua Barat Daya,Kabupaten Maybrat,"-1.4238479,132.2031833,11z",-1.4238479,132.2031833,11
Papua Barat Daya,Kabupaten Raja Ampat,"-0.5859875,129.660832,9z",-0.5859875,129.660832,9
Papua Barat Daya,Kabupaten Sorong,"-1.0515645,131.063159,10z",-1.0515645,131.063159,10
Papua Barat Daya,Kabupaten Sorong Selatan,"-1.6668334,131.7887765,10z",-1.6668334,131.7887765,10
Papua Barat Daya,Kabupaten Tambrauw,"-0.7204172,132.3122123,11z",-0.7204172,132.3122123,11
Papua Barat Daya,Kota Sorong,"-0.892821,131.2231964,13z",-0.892821,131.2231964,13